Name;LastName
Umut;Zeytin
Ilgar;Yıldız
Papatya;Yerliyurt
Kemal;Akyol
Gonca;Köksal
Tuna;Yiğit
Furkan;Aksoy
Binnur;Kaya
Aydin;Kılıç
Pınar;Ulusoy
Yusuf;Kurt
Berki;Aksoy
Ruhi;Şahin
Pınar Eda;Nalbant
Lale;Rasim
Hasan;Egemen
Jale;Sevgili
Ilgaz;Sezer
Rüya;Kaplan
Varol;Tuna
İpek;Aydın
Mine;Aksu
Vedat;Nalbant
Jale;Kaya
Baran;Özkan
Ülkü;Demir
Fatma;Tatlibal
Rüzgar;Nalbant
Selin;Şimşek
Olcay;Coşkun
Doğa;Altın
Yaprak;Avcı
Can Ali;Tunalı
Yağmur;Rasim
Uzay;Kayaman
Jale;Genç
Beste;Tatlibal
Ceyda;Temiz
Orhon;Acar
Mine;Sezer
Melek;Çetin
Berki;Sabır
Eser;Yıldız
Yıldız;Dereli
Eser;Koç
Eser;Bolluk
Can Umut;Bozkurt
Seha;Fenci
Ada;Kaplan
Mustafa;Poyraz
İnci;Sezer
Utku;Akyol
Ali Fatih;Demir
Oktay;Ilgaz
Aysel;Arslan
Okyay;Gürsoy
Ziya;Aksoy
Fikret;Akman
Aleyna;Can
Utku;Şeker
Ercan;Dal
Volkan;Coşkun
Yunus Emre;Özkan
Umut;Yiğit
Zeki;Meteci
Fatmanur;Şen
Melek;Onur
Aydin;Alptekin
Ali;Bilgili
Levent;Temiz
Gamze;Kayalı
Duygu;Aydın
Gül;Sezer
Alev;Kaplan
Elif Eda;Randa
Tahsin;Öztürk
Ege;Özyurt
Utku;Zeytin
Ayhan;Gezgin
Tuba;Akman
Ata;Ulusoy
Hülya;Egeli
Perihan;Bolluk
Ilgar;Tunalı
Gülay;Tuna
Hasan;Yıldız
Esin;Lapsekili
Eren;Akyol
Necdet;Güven
Fatih;Kayalı
Oktay;Bilgili
Altay;Dal
Pınar Eda;Karakaya
Ilgaz;Doğan
Utku;Coşkun
Güneş;Özdemir
Mine;Can
Ali Emin;Bozkurt
Doruk;Zincir
Ceren;Dereli
Duygu;Karakaya
Hasan Ali;Aksu
Ayhan;Avcı
Ceylan;Karakaya
Bilge;Yıldırım
Ata;Ceviz
Pınar;Bilgili
Güneş;Lapsekili
Tolga;Ceviz
Furkan;Onur
Pınar Eda;Yerliyurt
Hülya;Kılıç
Ata;Bolluk
Ezgi;Zeytin
Yagmur;Egeli
Nur;Zeytin
Rahmi;Kara
Aleyna;Kaplan
Fatih;Yılmaz
Banu;Altınbaş
Eren;Tuna
Ezgi;Ulusoy
Seha;Altınbaş
Alev;Coşkun
Ada;Altınbaş
Ali;Tatlibal
Can Umut;Limoncu
Ali Fatih;Yerliyurt
Bora;Meteci
Ayşe;Doğan
Furkan;Alkan
Baran;Baray
Ege;Kara
Nur;Nalbant
Murat;Şen
Gizem;Kılıç
Sevinc;Tatlibal
Celil;Demir
Nuh;Egemen
Tahsin;Onur
Seha;Vargil
Safa;Yıldırım
Bahar;Yavuz
Murat Ali;Poyraz
Sevda;Egemen
Suna;Uslu
Yıldız;Ulusoy
Uzay;Baray
Ayhan;Gürsoy
Zarife;Dal
Baykam;Sabır
Gonca;Ceviz
Rüzgar;Uslu
Seha;Bilgili
Sabri;Kurt
Banu;Doğan
Nurperi;Aslan
Defne;Çetinkaya
Kutay;Zincir
Orhan;Lapsekili
Volkan;Kayaman
Yağmur;Yıldız
Bora;Şeker
Sevda;Temiz
Irmak;Yerliyurt
Yusuf;Tekin
Gonca;Aydın
Aleyna;Manavgat
Gülay;Kaya
Yagmur;Aksu
Altay;Manavgat
Ege;Egeli
Turgut;Kaya
Ceren;Şimşek
Gani;Fenci
Doruk;Gün
Gonca;Avcı
Hasan Ali;Tuna
Zeren;Sevgili
Jale;Can
Orhon;Çetinkaya
Kaya;Poyraz
Ziya;Akyol
Gani;Tunalı
Deniz Can;Yenen
Tuna;Meteci
Arif;Sabır
Buket;Zincir
Uzay;Coşkun
Handan;Sevgili
Derya;Acar
Can Umut;Randa
Gani;Öztürk
Berki;Alptekin
Beste;Manavgat
Rahmi;Tuna
Nevin;Özkan
Güneş;Uslu
Yusuf;Kaplan
Elmas;Bozkurt
Kutay;Şimşek
Atakan;Meteci
Ercan;Dere
Melis;Poyraz
Tülin;Özyurt
Gani;Bozkurt
Burcu;Gümüş
Halil;Akyol
Zeren;Gün
Orhon;Kaplan
Gamze;Altıntaş
Hayal;Yıldız
Gizem;Tunalı
Turgut;Randa
Oya;Fenci
Hayal;Aksu
Irmak;Kurt
Atakan;Sabır
Can Umut;Yenen
Yavuz;Tekin
Ercan;Altın
Ali Fatih;Bilgili
Altay;Altıntaş
Hasan Ali;Zeytin
Mehtap;Zincir
Yaprak;Özyurt
Baran;Kara
Olcay;Zeytin
Tolga;Nalbant
Hayal;Alkan
Ayşe;Zincir
Esin;Bozkurt
Ezgi;Yenen
Orhan;Gün
Ali Fatih;Bilgili
Ada;Lapsekili
Esra;Parlak
Bora;Ulusoy
Handan;Gezgin
Damla;Sevgili
Ruhi;Tekin
Yıldız;Arslan
Buket;Manavgat
Fatmanur;Şahin
Mine;Limoncu
Melis;Dere
Alara;Kurtoğlu
Kevser;Demir
Mustafa;Kayalı
Zarife;Randa
Oktay;Bilgin
Erhan;Egeli
Filiz;Kurt
Turgut;Hasanoğlu
Bahar;Mutluer
Zarife;Yılmaz
Bahar;Alkan
Oya;Can
Elif Eda;Zeytin
Nurperi;Altınbaş
Can Umut;Şahin
Ruhi;Kurt
Orhan;Yerliyurt
Sema;Zincir
Tuba;Özdemir
Orhan;Şahin
Kaan;Egemen
Bora;Çalışkan
Fatmanur;Bilgili
Fatmanur;Öztürk
Elif Eda;Manavgat
Yunus;Öztürk
Ruhi;Özdemir
Kevser;Köksal
Efe;Limoncu
Gülay;Gürsoy
Elif;Manavgat
Jale;Levent
Rüya;Alptekin
Kaya;Aksoy
Hayal;Altın
Filiz;Yenen
Seha;Çelik
Mine;Yılmaz
Hayal;Orkun
Aleyna;Dal
Banu;Sabır
Fulya;Özdemir
Efe;Yıldız
Pınar;Alkan
Yagmur;Yavuz
Doruk;Fenci
Derya;Şeker
Selin;Akman
Yaprak;Zeytin
Kaan;Zeytin
Halil;Yiğit
Nuh;Altın
Lale;Aydın
Feray;Tuna
Mehmet Ali;Yıldız
Ata;Çalışkan
Peyami;Şen
Ceyda;Manavgat
Bilge;Sevgili
Selin;Poyraz
Yıldız;Öztürk
Koray;Çalışkan
Yunus;Aydın
Ayçe;Acar
Okyay;Şen
Gamze;Koç
Mustafa;Ceviz
Binnur;Gürsoy
Volkan;Hasanoğlu
Alev;Akman
Suna;Hasanoğlu
Mehtap;Güven
Tahsin;Kaya
Irmak;Can
Kerem;Koç
Orhan;Levent
Esin;Zincir
Rüya;Sabır
Adem;Kayaman
Orhan;Yerliyurt
Canan;Meteci
Lale;Mutluer
Ege;Akman
Aleyna;Ulusoy
Fatmanur;Akyol
Irmak;Sevgili
Ece;Kılıç
Esra;Yerliyurt
Turgut;Manavgat
Furkan;Yılmaz
Fulya;Gümüş
Burcu;Kurt
Levent;Bilgili
Orhan;Levent
Gani;Alptekin
Vedat;Temiz
Sabri;Özdemir
Koray;Randa
Can;Kurt
Suna;Bilgin
Ercan;Gürsoy
Ada;Baray
Sevda;Genç
Yagmur;Bolluk
Adem;Ekermen
Nil;Ilgaz
Necdet;Yiğit
Seha;Meteci
Peyami;Altın
Volkan;Egeli
Çiçek;Dere
Mehmet;Bilgin
Lale;Öztürk
Güneş;Egeli
Bilge;Ekermen
Sevda;Uslu
Koray;Çelik
Hasan Tahsin;Koç
Lokman;Çalışkan
Murat Ali;Hasanoğlu
Kamile;Egeli
Furkan;Egemen
Perihan;Zincir
Canan;Arslan
Adem;Özyurt
Ege;Dal
Can Ali;Bolluk
Ilgar;Özkan
Lokman;Yavuz
Naz;Sabır
Ayçe;Çelik
Aysel;Tuna
Eser;Egeli
Oktay;Çetin
Fikret;Egeli
Bora;Akman
Yagmur;Genç
Rüya;Sabır
Gonca;Rasim
Seha;Yerliyurt
Mustafa Ali;Alkan
Elif Eda;Okur
Zeki;Zincir
Yunus;Onur
Celil;Ceviz
Kaya;Yiğit
Eser;Şahin
Nuh;Aksoy
Baykam;Zincir
Aysel;Kaplan
Nil;Güven
Lokman;Bilgiç
Turgut;Altıntaş
Mustafa;Gün
Mehtap;Aslan
Oktay;Altıntaş
Turgut;Bolluk
Hasan Tahsin;Meteci
Oya;Baray
Deniz Can;Levent
Rüya;Ceviz
Ayhan;Aydın
Murat Ali;Bilgin
Feray;Kara
Arif;Çalışkan
Esin;Şimşek
Deniz Can;Yıldırım
Can;Egemen
Tuna;Onur
Fatmanur;Genç
Fatma;Altın
Kevser;Yenen
Suna;Altın
Mehmet Ali;Alkan
Gülay;Akyol
Leyla;Randa
Irmak;Şimşek
Mehmet;Ceviz
Rahmi;Arslan
Seha;Zincir
Handan;Zeytin
Arif;Dereli
Beste;Yıldız
Varol;Akyol
Kamile;Şeker
Derya;Egeli
Ruhi;Dal
Leyla;Kaya
Ayşe;Yıldız
Tülin;Aksoy
Vedat;Dal
Fulya;Tatlibal
Ceren;Köksal
Pamir;Nazım
Irmak;Bozkurt
Mert;Özkan
Mehmet;Poyraz
Adem;Fenci
Güneş;Egeli
Nur;Karakaya
Celil;Ceviz
Papatya;Hasanoğlu
Naz;Orkun
Zeren;Avcı
Tahsin;Orkun
Ada;Tekin
Ali Fatih;Bolluk
Ceylan;Limoncu
Ilgar;Kara
Mert;Zincir
Tahsin;Öztürk
Hülya;Orkun
Atakan;Şeker
Hasan;Kara
Hayal;Nazım
Aysel;Ceviz
Selin;Bilgili
Kevser;Manavgat
Fikret;Yılmaz
Mehtap;Rasim
Nurperi;Gümüş
Yıldız;Avcı
Can;Akman
Zeren;Poyraz
Tuna;Egeli
Ece;Kayaman
Burcu;Nazım
Murat Ali;Çelik
Mustafa;Kayalı
Pamir;Onur
Tuna;Yılmaz
Filiz;Yiğit
Alev;Demir
Ilgaz;Tatlibal
Canan;Bolluk
Ali Emin;Okur
Eser;Ekermen
Kutay;Aksu
Mustafa;Gezgin
Naz;Levent
Feray;Ceviz
Mustafa Ali;Bozkurt
Halil;Levent
Tuna;Altın
Gonca;Çelik
Turgut;Güven
Mustafa Ali;Nalbant
Canan;Kara
Ada;Şimşek
Tuna;Yıldırım
Celil;Karakaya
Mustafa;Şimşek
Fatmanur;Dal
Turgut;Levent
Altay;Parlak
Yıldız;Meteci
Bora;Poyraz
Celil;Okur
Vildan;Özkan
Ayçe;Okur
Seha;Yavuz
Aydin;Bilgiç
Sema;Kayalı
Ali;Altınbaş
Mehmet Ali;Acar
Çiçek;Tekin
Olcay;Gün
Alara;Mutluer
Deniz Can;Koç
Ece;Kılıç
Irmak;Koç
Okyay;Tunalı
Tuba;Akyol
Vildan;Ilgaz
Safa;Kayalı
Kevser;Acar
Adem;Kayaman
Yonca;Karakaya
Filiz;Gezgin
Vildan;Kayaman
Mustafa;Şen
Gani;Sevgili
Kevser;Çetinkaya
Tuna;Gün
Aleyna;Fenci
Filiz;Kurtoğlu
Orhan;Arslan
Fikret;Zeytin
Lokman;Levent
Adem;Şeker
Ceren;Özdemir
Perihan;Altınbaş
Furkan;Özdemir
Gökhan;Dereli
Jale;Gün
Yunus;Ilgaz
Eda;Güven
Halil;Kayalı
Yaprak;Zincir
Peyami;Egemen
Fatmanur;Sabır
Aydin;Güven
Kamile;Bilgiç
Bilge;Öztürk
Berki;Nalbant
Hülya;Yılmaz
Zeren;Bilgin
Gülay;Yılmaz
İnci;Hasanoğlu
Sema;Baray
Rüya;Kaplan
Jale;Ekermen
Varol;Demir
Levent;Özdemir
Alev;Egeli
Tuba;Kaya
Rahmi;Çetinkaya
Lokman;Manavgat
Ülkü;Egeli
Kaan;Hasanoğlu
Alara;Koç
Ezgi;Özdemir
Elif Eda;Çelik
Aleyna;Yenen
Elif Eda;Çelik
Tahsin;Yıldız
Arzu;Can
Cumhur;Randa
Yunus;Aydın
Elmas;Okur
Mine;Çalışkan
Arif;Can
Pınar Eda;Kurt
Lale;Gün
Vildan;Poyraz
Elif;Arslan
Ilgar;Orkun
Yusuf;Öztürk
Ceren;Kaplan
Sema;Mutluer
Mehmet Ali;Arslan
Nevin;Koç
Lokman;Yılmaz
Deniz;Çalışkan
Selin;Yiğit
Furkan;Ilgaz
Ayşe;Okur
Vildan;Şahin
Orhon;Meteci
Oktay;Ulusoy
Furkan;Kaplan
Tolga;Tekin
Murat;Acar
Sevda;Yıldız
Mehmet;Zincir
Lokman;Gezgin
Kemal;Kurtoğlu
Pınar Eda;Aydın
Yunus;Bozkurt
Eda;Tunalı
Doğa;Avcı
Utku;Ceviz
Esra;Sabır
Fatma;Aksoy
Güneş;Bilgili
Eren;Nazım
Ezgi;Dal
Alev;Tunalı
Deniz Can;Sabır
Elif;Egemen
Gizem;Özkan
Okyay;Can
Eda;Levent
Celil;Dereli
Duygu;Şen
Hayal;Sevgili
Mehtap;Bozkurt
Fatih;Çalışkan
Kutay;Karakaya
Fatih;Sabır
Zeren;Akman
Zeki;Kılıç
Yonca;Aslan
Zeren;Orkun
Suna;Poyraz
Derya;Sezer
Furkan;Tuna
Yunus;Fenci
Koray;Gürsoy
Varol;Kayalı
Eser;Şen
Oktay;Kara
Pınar Eda;Çelik
Çiçek;Ceviz
Aleyna;Rasim
Cumhur;Özyurt
Kemal;Alkan
Aleyna;Dal
Yunus Emre;Kayaman
Ceren;Hasanoğlu
Burcu;Can
Altay;Manavgat
Yavuz;Parlak
Tuna;Özdemir
Mustafa Kemal;Koç
Baran;Baray
Zeki;Yiğit
Elmas;Levent
Filiz;Sezer
Berki;Avcı
Papatya;Alptekin
Sevda;Çelik
Fatih;Şen
Tülin;Çalışkan
Ayhan;Mutluer
Deniz;Şahin
Sevda;Yıldız
Mehmet Ali;Dal
Yusuf;Çelik
Melek;Yılmaz
Can Umut;Aksoy
Yağmur;Kayalı
Pınar Eda;Hasanoğlu
Pınar;Bozkurt
Fatma;Rasim
Ruhi;Meteci
Mert;Kurtoğlu
Varol;Levent
Banu;Baray
Oya;Çalışkan
Murat Ali;Mutluer
Nuh;Mutluer
Ata;Karakaya
Hayal;Özyurt
Tülin;Kara
Koray;Sabır
Melis;Akman
Can Ali;Aslan
Tuna;Kurt
Ali Fatih;Egeli
Duygu;Poyraz
Seha;Aydın
Eser;Doğan
Perihan;Fenci
Baykam;Randa
Derya;Sabır
Ezgi;Sevgili
Lale;Rasim
Kevser;Demir
Banu;Sevgili
Melis;Demir
Nurperi;Can
Celil;Ulusoy
Yaprak;Meteci
Ziya;Nalbant
Suna;Dereli
Mustafa Ali;Temiz
Fulya;Çetin
Safa;Tuna
Fikret;Demir
Aydin;Şeker
Orhon;Alkan
Safa;Şimşek
Nadir;Bilgin
Handan;Manavgat
Ilgar;Arslan
Furkan;Şen
Arif;Orkun
İnal;Özyurt
Ali Emin;Çetin
Eser;Nazım
Rüya;Bolluk
Ceren;Nalbant
Hülya;Avcı
Beste;Karakaya
Pınar Eda;Levent
Can Ali;Nalbant
Safa;Kurtoğlu
Nur;Egemen
Levent;Aydın
Sevda;Bilgili
Güneş;Dal
Irmak;Doğan
Kutay;Ekermen
Filiz;Özyurt
Ayşe;Kurt
Nur;Bilgiç
Mehtap;Egemen
Furkan;Vargil
Nurperi;Dere
Nil;Köksal
Can;Şen
Beste;Dal
Pınar Eda;Şimşek
Ali;Bozkurt
Sabri;Yıldırım
Pınar;Acar
Tahsin;Doğan
Safa;Tuna
Ilgaz;Tuna
Ilgaz;Aksu
Levent;Kılıç
Sevda;Dal
Sevinc;Yerliyurt
Elmas;Parlak
Can;Şeker
Deniz Can;Karakaya
Ilgar;Yıldırım
Atakan;Çetinkaya
Hayal;Coşkun
Hasan Ali;Ulusoy
Hülya;Dere
Fatih;Yıldız
Ceyda;Kaya
Fatih;Uslu
Tülin;Dere
Tahsin;Altınbaş
Nil;Kara
Ada;Egemen
Cumhur;Özkan
Bahar;Yiğit
Aleyna;Egeli
Fulya;Özyurt
Hande;Onur
Doğa;Acar
Yonca;Sabır
Suna;Yiğit
Cumhur;Tuna
Baykam;Can
Tülin;Altıntaş
Ece;Bolluk
Necdet;Güven
Cumhur;Poyraz
Deniz Can;Avcı
Gamze;Çetinkaya
Nur;Yıldız
Eren;Tatlibal
Koray;Dal
Uzay;Uslu
Ayhan;Çalışkan
Kübra;Rasim
Eren;Çetinkaya
Gamze;Randa
Nuh;Bolluk
Yaprak;Dereli
Sevda;Parlak
Beste;Aksoy
Doga;Lapsekili
Eser;Kurtoğlu
Erhan;Lapsekili
Fatma;Yerliyurt
Mutlu;Aksoy
Furkan;Alptekin
Ceylan;Kara
Defne;Altınbaş
Gökhan;Gezgin
Safa;Tuna
Gökhan;Rasim
Yaprak;Dereli
Lokman;Arslan
Gamze;Zincir
Orhan;Kaplan
Ali Emin;Karakaya
Tahsin;Karakaya
Hasan;Yiğit
Pınar;Alkan
Adem;Öztürk
Ece;Gümüş
Vedat;Baray
Binnur;Kara
Furkan;Vargil
Ata;Tuna
Pamir;Çelik
Murat;Dere
Rüzgar;Bilgin
Yusuf;Avcı
Turgut;Yerliyurt
Vedat;Lapsekili
Mehmet Ali;Acar
Ayhan;Manavgat
Gökhan;Dereli
Oktay;Doğan
Doga;Vargil
Lokman;Hasanoğlu
Burcu;Öztürk
Oktay;Uslu
Suna;Coşkun
Aysel;Aslan
Mine;Genç
Hasan Ali;Orkun
Vildan;Aydın
Erhan;Çetinkaya
Volkan;Altın
Erhan;Altın
Deniz Can;Dere
Kutay;Kılıç
Banu;Yiğit
Irmak;Sevgili
Mehmet Ali;Çalışkan
Olcay;Onur
Rüzgar;Dere
Alara;Kayalı
Can;Altıntaş
Deniz Can;Gün
Tuba;Baray
Kevser;Orkun
Hülya;Arslan
Nur;Özdemir
Handan;Alkan
Umut;Özdemir
Nil;Tuna
Melek;Ceviz
Gülay;Aksoy
Hasan Ali;Ilgaz
Tuna;Bolluk
Murat Ali;Coşkun
Fatmanur;Ulusoy
Feray;Alptekin
Yagmur;Doğan
Mustafa;Zeytin
Orhan;Ilgaz
Hasan Tahsin;Çetinkaya
Mehmet Ali;Bolluk
Kevser;Fenci
Gül;Akman
Arif;Can
Ali Fatih;Altınbaş
Hayal;Egemen
Mert;Vargil
Gökhan;Şimşek
Nur;Şeker
Tülin;Yavuz
İnal;Aydın
Levent;Aksu
Irmak;Onur
Bilge;Çalışkan
Mehmet;Köksal
İnci;Kara
Elif;Ekermen
Mehmet;Çetin
Aleyna;Yiğit
Fatma;Kurtoğlu
Nur;Altınbaş
Melis;Gezgin
Hayal;Kara
Aleyna;Dere
Kamile;Şeker
Buket;Randa
Aysel;Doğan
Orhan;Levent
Sema;Öztürk
Cumhur;Egeli
Ercan;Ekermen
Ege;Öztürk
İpek;Kayaman
Baykam;Kaplan
Berki;Bozkurt
Mehmet Ali;Yıldız
Levent;Randa
İnal;Özkan
Mehmet Ali;Sabır
Nuh;Akman
Zarife;Arslan
Tolga;Köksal
Nil;Akyol
Esin;Kaplan
Okyay;Orkun
Baykam;Mutluer
Melek;Bolluk
Ceylan;Alkan
Elmas;Tatlibal
Mehmet Ali;Hasanoğlu
İnal;Gün
Erhan;Çetinkaya
Turgut;Rasim
Fatih;Tekin
Esra;Gümüş
Damla;Bilgili
Ayçe;Şimşek
Doruk;Tuna
Yagmur;Ceviz
Ilgaz;Altın
Efe;Dereli
Orhon;Hasanoğlu
Lale;Alkan
Hayal;Manavgat
Hasan;Bilgin
Aysel;Parlak
Gülay;Onur
Naz;Aslan
Elif;Nazım
Damla;Arslan
Volkan;Fenci
Hasan Tahsin;Temiz
Fatma;Temiz
Esra;Demir
Ülkü;Dereli
Naz;Limoncu
Eda;Coşkun
Kemal;Kılıç
Fatih;Bilgin
Mustafa Ali;Özdemir
Oktay;Vargil
Bora;Aksoy
Yusuf;Gezgin
Mehmet Ali;Gürsoy
Papatya;Yılmaz
Suna;Güven
Leyla;Yerliyurt
Hayal;Gezgin
Zarife;Karakaya
Hande;Akyol
Kübra;Yılmaz
Can;Yiğit
Olcay;Levent
Ayşe;Kaya
Mine;Rasim
Doruk;Yılmaz
Kevser;Ekermen
Ali Emin;Kara
Fatma;Egeli
Sabri;Yıldız
Melis;Bilgili
Tolga;Yenen
Nil;Dereli
Ceren;Akyol
Binnur;Genç
Sabri;Bilgiç
Yagmur;Egemen
Defne;Egeli
Ali Fatih;Vargil
Erhan;Vargil
Esin;Poyraz
Naz;Altın
Pınar;Aslan
Tülin;Demir
Olcay;Özyurt
Defne;Çetinkaya
Hülya;Kaplan
Ercan;Temiz
Halil;Gün
Ali;Dereli
Deniz;Özdemir
Baran;Demir
Bilge;Gürsoy
Nurperi;Ulusoy
Peyami;Koç
Baykam;Bolluk
Murat;Aydın
Mehmet Ali;Şahin
Nurperi;Sezer
Ercan;Meteci
Rüya;Gümüş
Yunus Emre;Kurt
Nurperi;Poyraz
Kübra;Limoncu
Celil;Mutluer
Gizem;Coşkun
Ziya;Güven
Derya;Orkun
Mutlu;Arslan
Nevin;Onur
Sevda;Köksal
Damla;Aslan
Eda;Nalbant
Mehtap;Acar
Orhon;Kurt
Ayhan;Gezgin
Aydin;Şeker
Safa;Çalışkan
Esin;Zincir
Lale;Nazım
Olcay;Nazım
Ada;Bilgin
Can Umut;Akman
Doruk;Güven
Tuna;Kaplan
Melis;Öztürk
Elmas;Yerliyurt
Elmas;Parlak
Efe;Zeytin
Papatya;Akyol
Baran;Yıldız
Fulya;Sezer
Melek;Acar
Esra;Altın
Safa;Acar
Bahar;Meteci
Utku;Yerliyurt
Oktay;Aksoy
Defne;Egeli
Hasan Tahsin;Bolluk
Papatya;Rasim
Okyay;Bilgiç
Halil;Orkun
Filiz;Altıntaş
Ali;Özyurt
Mine;Kara
Duygu;Uslu
Murat;Gün
Rahmi;Coşkun
Uzay;Akman
Altay;Vargil
Lokman;Dereli
Tolga;Dere
Ilgar;Lapsekili
Hasan Tahsin;Çetin
Necdet;Arslan
Zarife;Öztürk
Olcay;Nazım
Volkan;Şahin
Yunus;Bilgili
Hasan Ali;Okur
Banu;Levent
Cumhur;Çelik
Adem;Zeytin
Ülkü;Altın
Esra;Gümüş
Tolga;Baray
Sema;Kaya
Ceren;Ekermen
Tolga;Tuna
Kerem;Poyraz
Hande;Koç
Tuna;Gezgin
Tülin;Altıntaş
Yavuz;Çalışkan
Varol;Altın
Zarife;Akman
Sevda;Ekermen
Ali Emin;Acar
Doruk;Mutluer
Atakan;Zincir
Fulya;Sevgili
Eren;Limoncu
Hasan Tahsin;Alptekin
Lokman;Dereli
Sema;Rasim
Esra;Can
Mustafa;Tunalı
Gonca;Alptekin
Buket;Zeytin
Gül;Özdemir
Lale;Dal
Elmas;Aksu
Ilgar;Ulusoy
Okyay;Onur
Oya;Tuna
Kerem;Altın
Mustafa Ali;Ceviz
Halil;Can
Elif Eda;Kara
Buket;Vargil
Sabri;Sezer
Esra;Aksoy
Hasan;Aksu
Hande;Acar
Oktay;Çetinkaya
Doğa;Lapsekili
Feray;Bilgili
Ali;Dereli
Utku;Kılıç
Bahar;Kurtoğlu
Damla;Yavuz
Volkan;Zeytin
Vildan;Sezer
Seha;Karakaya
Ali Emin;Öztürk
Beste;Akyol
Furkan;Aksoy
Eda;Yıldırım
Kerem;Bolluk
Utku;Gezgin
Lokman;Aslan
Altay;Aslan
Kübra;Manavgat
Baykam;Aksoy
Halil;Çetin
Mustafa Kemal;Bozkurt
Kutay;Kaplan
Leyla;Egemen
Nil;Poyraz
Adem;Altıntaş
Tuna;Nazım
Canan;Çetinkaya
Aydin;Bozkurt
Ayçe;Hasanoğlu
Olcay;Aslan
Hande;Alkan
Ada;Yerliyurt
Ilgaz;Parlak
Selin;Gümüş
Sema;Arslan
Oya;Rasim
Handan;Çetinkaya
Ali Fatih;Nalbant
Pınar Eda;Karakaya
Elif;Egemen
Bora;Kayalı
Rüya;Parlak
Levent;Özkan
Arzu;Öztürk
Berki;Altınbaş
Nurperi;Gezgin
Mustafa;Gümüş
Çiçek;Kaya
Kaya;Altıntaş
Eren;Okur
Tuba;Lapsekili
Mustafa Kemal;Bozkurt
Rüya;Çalışkan
Esin;Bilgili
Yıldız;Zincir
Atakan;Lapsekili
Kutay;Aslan
Necdet;Kara
Gülay;Sevgili
Ilgaz;Baray
Kaya;Levent
Doğa;Orkun
Mustafa;Tekin
Atakan;Alkan
Gonca;Yiğit
Rüya;Kaplan
Baran;Kaya
Lale;Gezgin
Ilgaz;Yiğit
Kübra;Okur
Baykam;Egemen
Mehmet;Dere
Atakan;Limoncu
Sabri;Kara
Ceylan;Gürsoy
Yavuz;Ilgaz
Kerem;Dereli
Defne;Altın
Kaan;Baray
Necdet;Ekermen
Gonca;Zincir
Ali Fatih;Mutluer
Eda;Doğan
Perihan;Kayalı
Ayhan;Mutluer
Mustafa;Kayalı
Lokman;Acar
Berki;Kayaman
Ceyda;Gün
Aleyna;Ilgaz
Ceren;Rasim
Nevin;Uslu
Banu;Fenci
Turgut;Genç
Nuh;Akyol
Erhan;Kılıç
Ali Emin;Kurtoğlu
Yusuf;Demir
Deniz;Aksoy
Ülkü;Avcı
Mert;Öztürk
Oya;Egeli
Hayal;Gürsoy
Seha;Dal
Güneş;Kaya
Ülkü;Akman
Tuna;Tunalı
Papatya;Akyol
Murat;Egemen
Ziya;Kılıç
Peyami;Arslan
Gani;Dereli
Safa;Altıntaş
Efe;Mutluer
Mustafa Ali;Kaplan
Murat;Tunalı
Vedat;Bilgin
Koray;Gün
Çiçek;Yılmaz
Ceylan;Ilgaz
Leyla;Tekin
Feray;Ulusoy
Atakan;Hasanoğlu
Nevin;Güven
Baykam;Meteci
Gökhan;Sezer
Orhan;Tekin
Gamze;Temiz
Peyami;Koç
Ali;Onur
Peyami;Dere
Jale;Nalbant
Yunus Emre;Tekin
Gonca;Özdemir
Mine;Levent
Sevinc;Orkun
Ayşe;Altıntaş
Beste;Tunalı
Feray;Kara
Damla;Şahin
Vildan;Kayaman
Ceyda;Demir
Papatya;Tatlibal
Kaan;Limoncu
Melis;Çetinkaya
Atakan;Mutluer
Derya;Zeytin
Eda;Acar
Beste;Avcı
Kutay;Dere
Defne;Tunalı
Binnur;Avcı
Zeren;Arslan
Bilge;Yavuz
Adem;Bilgili
Mustafa Kemal;Karakaya
Yusuf;Özdemir
Gökhan;Gürsoy
Can;Bilgiç
Mutlu;Özdemir
Melek;Yılmaz
Kerem;Özdemir
Doga;Akman
Oktay;Nazım
Kaan;Dereli
Lokman;Ceviz
Arif;Tuna
Hayal;Akyol
Damla;Şen
Necdet;Yenen
Gani;Şen
Levent;Altın
Yağmur;Randa
Ayhan;Gürsoy
Fatih;Fenci
Ercan;Tatlibal
Ada;Baray
Derya;Çelik
Mutlu;Fenci
Canan;Parlak
Mehmet;Doğan
Tülin;Şen
Doğa;Dere
Altay;Ulusoy
Mustafa;Hasanoğlu
Orhon;Ekermen
Can;Şen
Kutay;Limoncu
Umut;Tatlibal
Doruk;Mutluer
Yağmur;Tatlibal
Hasan Ali;Akman
Nil;Hasanoğlu
Melis;Limoncu
Elmas;Şen
Mutlu;Tekin
Leyla;Çalışkan
Doğa;Karakaya
Deniz;Acar
Ada;Gümüş
Melek;Tuna
Ceylan;Bilgili
Tuna;Altınbaş
Fikret;Dere
Hande;Kurtoğlu
Doruk;Parlak
Orhan;Şeker
Esra;Bilgiç
İnal;Akman
Gani;Ceviz
Naz;Baray
Doga;Altıntaş
Zeki;Kılıç
Ayşe;Bilgiç
Peyami;Kurtoğlu
Nuh;Limoncu
Nevin;Bozkurt
Murat;Baray
Yunus Emre;Onur
Melek;Dal
Zeki;Demir
Alara;Manavgat
Celil;Çetinkaya
Furkan;Altıntaş
Derya;Egeli
Pamir;Nazım
Baykam;Kaplan
İnal;Özyurt
Elmas;Kayaman
Can;Nalbant
Ege;Kaplan
Hasan;Genç
Rahmi;Gürsoy
Erhan;Vargil
Alev;Sevgili
Sabri;Gürsoy
Nurperi;Can
Alev;Kurtoğlu
Yagmur;Gümüş
Turgut;Özkan
Yusuf;Rasim
Handan;Sabır
Nuh;Tunalı
Hasan Ali;Özdemir
Halil;Yiğit
Doga;Meteci
Ceylan;Gün
Nuh;Sevgili
Erhan;Bolluk
Elmas;Doğan
Aleyna;Meteci
Oya;Yerliyurt
Irmak;Uslu
Zeki;Yıldız
Ceren;Doğan
Orhan;Avcı
Damla;Karakaya
Mustafa Ali;Zincir
Yağmur;Ceviz
Gülay;Gezgin
Seha;Gürsoy
Naz;Yerliyurt
Alev;Gürsoy
Tuna;Lapsekili
Jale;Gün
Gonca;Ekermen
Ayçe;Yenen
Kutay;Koç
Yaprak;Parlak
Varol;Coşkun
Gonca;Zincir
Fikret;Tunalı
Nevin;Akyol
Hasan Tahsin;Bilgili
Mehtap;Yiğit
Celil;Özyurt
Tolga;Şahin
Elif Eda;Sabır
Varol;Kara
Gani;Köksal
Yıldız;Akyol
Hülya;Tatlibal
Kutay;Egeli
Kutay;Ceviz
Eda;Nalbant
Alev;Tatlibal
Handan;Gürsoy
İpek;Koç
Baran;Mutluer
Gizem;Bozkurt
Mustafa Kemal;Sabır
Esin;Şimşek
Pınar;Rasim
Hasan Tahsin;Baray
Defne;Güven
Tülin;Mutluer
Ercan;Temiz
Ruhi;Köksal
Arif;Baray
Levent;Alptekin
Kutay;Şahin
Ruhi;Bolluk
Sema;Gün
İpek;Aydın
Ceren;Koç
Feray;Çetin
Ercan;Parlak
Ayhan;Yenen
Seha;Parlak
Yunus;Mutluer
Orhan;Aydın
Utku;Alkan
Fatih;Yavuz
Orhon;Alptekin
Lokman;Akman
Leyla;Yılmaz
Ercan;Tunalı
Sevinc;Çetinkaya
Tülin;Fenci
Arif;Acar
Necdet;Levent
Zeren;Ceviz
Turgut;Tunalı
Atakan;Ulusoy
Sabri;Bolluk
Ceren;Çetin
Fatih;Çetinkaya
Mutlu;Aksu
Melek;Avcı
Altay;Tekin
Gonca;Karakaya
Nevin;Altıntaş
Alev;Köksal
Sevinc;Aksoy
Mutlu;Coşkun
Kamile;Çalışkan
Kutay;Genç
Mehtap;Yerliyurt
Kamile;Bilgiç
Baran;Kaplan
Halil;Mutluer
Gülay;Çelik
Umut;Meteci
Ruhi;Koç
Oktay;Onur
Esin;Şen
Ezgi;Kılıç
Ezgi;Fenci
Safa;Poyraz
Filiz;Vargil
Mehmet;Akyol
Ercan;Kayaman
Gamze;Limoncu
Mert;Koç
Nuh;Bolluk
İnal;Limoncu
Celil;Okur
Hasan;Kaya
Varol;Bilgin
Mehmet;Nalbant
Handan;Lapsekili
Nurperi;Randa
Utku;Şeker
Yagmur;Özkan
Alara;Orkun
Fatih;Çalışkan
Fatma;Kurt
Elif;Kayaman
Sevinc;Kayalı
Mehtap;Köksal
Sevinc;Dere
Sema;Arslan
Kerem;Vargil
Can Umut;Coşkun
Eren;Genç
Deniz Can;Ceviz
Derya;Doğan
Oya;Arslan
Doga;Manavgat
Ayhan;Acar
Orhan;Yerliyurt
Peyami;Arslan
Ercan;Vargil
Tülin;Öztürk
Irmak;Akman
Nadir;Altıntaş
Binnur;Altıntaş
Bora;Bolluk
İnal;Rasim
Ülkü;Orkun
Mert;Aydın
Yusuf;Gümüş
Tolga;Egeli
Baykam;Yılmaz
Ceylan;Doğan
Ayşe;Can
İnci;Tunalı
Tolga;Aksoy
Tuna;Karakaya
Perihan;Arslan
Mustafa;Randa
Kutay;Genç
Mert;Altınbaş
Murat Ali;Dereli
Gizem;Dereli
Alara;Kara
Furkan;Hasanoğlu
Mehmet Ali;Acar
Eren;Acar
Binnur;Kayaman
Yagmur;Sezer
Alara;Egeli
Yağmur;Çetinkaya
Çiçek;Tekin
Suna;Aydın
Safa;Çetinkaya
Ceylan;Uslu
Lale;Baray
Kamile;Acar
Mustafa;Mutluer
Kevser;Aksu
Umut;Kara
Mutlu;Dereli
Ayşe;Altın
Deniz Can;Yavuz
Ayhan;Kara
Erhan;Tuna
Çiçek;Kurtoğlu
Orhon;Çalışkan
Selin;Altınbaş
Hayal;Şen
Rüya;Çetinkaya
Fatma;Kurtoğlu
Kaan;Bilgiç
Oktay;Sabır
Volkan;Yerliyurt
Fulya;Aydın
Kaya;Kaya
Bilge;Egemen
Volkan;Aksu
Kevser;Özyurt
Ezgi;Ilgaz
Alev;Kılıç
Furkan;Parlak
Orhon;Yiğit
Furkan;Onur
Gani;Okur
Nuh;Acar
Handan;Akyol
Hasan Ali;Vargil
Handan;Ilgaz
Gizem;Hasanoğlu
Burcu;Alkan
Ayhan;Nazım
Nurperi;Alptekin
Ata;Yerliyurt
Halil;Dere
Koray;Kurtoğlu
Kevser;Doğan
Ceylan;Dereli
Turgut;Kayaman
Mustafa;Manavgat
Eda;Sezer
Baykam;Yılmaz
Kamile;Bilgiç
Sabri;Can
Umut;Bilgiç
Yıldız;Tuna
Kübra;Aslan
Kemal;Egemen
Doga;Yavuz
Çiçek;Dere
Can;Demir
Can Umut;Yiğit
Tülin;Özdemir
Leyla;Orkun
Nuh;Gümüş
Mustafa Kemal;Limoncu
Banu;Fenci
Furkan;Şimşek
Ali Fatih;Kurtoğlu
Erhan;Poyraz
Ali Fatih;Kurt
Ada;Şen
Varol;Çetin
Uzay;Özkan
Fulya;Sabır
Olcay;Rasim
Jale;Ulusoy
Irmak;Yavuz
Lale;Limoncu
Koray;Uslu
Sevda;Avcı
Can Umut;Şimşek
Filiz;Yavuz
Naz;Aksoy
Duygu;Özkan
Zeki;Arslan
Esin;Yavuz
Kerem;Tunalı
Necdet;Acar
Tahsin;Egeli
Pamir;Hasanoğlu
Duygu;Gün
Nur;Sabır
Deniz;Meteci
Zeren;Okur
Yaprak;Sabır
Filiz;Ulusoy
Kutay;Nazım
Murat;Çalışkan
Levent;Bilgiç
Eser;Zincir
Safa;Meteci
Duygu;Özdemir
Ayçe;Kılıç